algorithm,elapsed_time_mean,elapsed_time_std,elapsed_time_min,elapsed_time_max,steps_mean,steps_std,steps_min,steps_max,path_found_sum,path_found_<lambda_0>
AStar,4.622750571795872,1.234689971158503,2.214202404022217,7.993370056152344,862.2428571428571,178.71152657522924,473,1313,70,100.0
BFS,10.408671181542532,1.6683797031083738,7.533918857574463,11.592623710632324,1856.3285714285714,8.491635148475464,1829,1870,70,100.0
DFS,1.0559272629874092,0.5549777813072523,0.539151668548584,4.1824564933776855,190.42857142857142,95.03158459372008,109,672,70,100.0
Dijkstra,10.23605912072318,1.657243268631699,7.960528373718262,11.633814334869385,1856.5142857142857,8.51382993763911,1829,1870,70,100.0
GreedyBFS,0.812534305027553,0.2131052806512252,0.4855186939239502,1.502563238143921,147.92857142857142,24.841130822454566,111,239,70,100.0
