,elapsed_time,elapsed_time,elapsed_time,elapsed_time,steps,steps,steps,steps,total_cost,total_cost,total_cost,total_cost
,mean,std,min,max,mean,std,min,max,mean,std,min,max
board_size,,,,,,,,,,,,
"(10, 10)",0.07635282516479487,0.017211377670581493,0.0402173995971679,0.1317274570465088,64.18,11.391455241770148,37,85,inf,,20.0,inf
"(100, 100)",81.03220989465713,18.127180287943528,36.9721736907959,124.55893802642822,6129.82,1244.0518874170234,3005,8971,298.9,58.56887510711754,199.0,493.0
"(25, 25)",0.6813107180595398,0.13376555858650804,0.4037106037139892,0.9931552410125732,393.41,79.30405558559558,219,564,inf,,52.0,inf
"(50, 50)",7.201189088821411,1.6405153841259417,3.6724894046783447,11.01842737197876,1527.83,322.8420840165067,822,2248,inf,,102.0,inf
